Baek, Woongki
Son, Jae Sung
Kim, Jooha
Kim, Guntae
Kim, Chae Un
Park, Hyesung
Chun, Se Young
Lim, Sunghoon
Song, Hyun-Kon
Jung, Jee-Hoon
Chung, Moses
Myung, Kyungjae
Lee, Changwook
Kim, Jaai
Kwon, Daeil
Kim, Byungmin
Lee, Jae Hwa
Kim, Sung-Phil
Kwon, Bongsuk
Chung, Jin-Ho
Oakley, Ian
Jo, Wook
Cho, Hyungjoon
Park, Jung-Hoon
Choi, Jin Hyuk
Choi, Kyudong
Park, Cheol-Min
Park, Young-Woo
Kang, Joo H.
Lee, Ja Yil
Park, Lee Soon
Moon, Hoi Ri
Kyung, Gyouhyung
Kim, Hee Reyoung
Lee, Sung Kuk
Jung, Dooyoung
Kim, Chajoong
Cho, Jaephil
Torbol, Marco
Kang, Sarah M.
Jung, Chang-Yeol
Song, Chang-Keun
Lee, Zonghoon
Seo, Yongwon
Vigneron, Antoine
Kim, Jin Young
Kim, Kwang S.
Jin, Hosub
Kim, Hak Sun
Sim, Sung-Han
Choi, Nam-Soon
Hong, Sung You
Kim, Kwanpyo
Choi, Jaehyouk
Kwak, Youngshin
Au, Tsz-Chiu
Kim, Donghyuk
Kim, Hajin
Kwak, Ja Hun
Kim, Duck Young
Kim, KwanMyung
Park, Hyung Wook
Kim, Yeolib
Yun, Aaram
Min, Seung Kyu
Park, Hyeon Keo
Joo, Sang Hoon
Baek, Joon Sang
Shin, Myoungsu
Self, James
Choi, Jaesik
Kim, Jingook
Lee, Geunsik
Kim, Seong-Jin
Baek, Jong-Beom
Bang, In Cheol
Kim, Yunho
Baik, Jeong Min
Ryu, Dongsu
Lee, Kyuho Jason
Bae, Joonbum
Kim, Sung Youb
Sohn, Dong-Seong
Oh, Yoon Seok
Park, Young S.
Tlusty, Tsvi
Park, Tae-Eun
Lee, Jun Hee
Jun, Young Chul
Lah, Myoung Soo
Lee, Ki-Suk
Ki, Hyungson
Yang, Seungjoon
Park, Tae Joo
Lee, Dong Woog
Ding, Feng
Ahn, Sangjoon
Cho, Gi-Hyoug
Kim, Ju-Young
Oh, Jae Eun
Lee, Jongwon
Kim, Eunhee
Son, Hungsun
Park, Jaeyeong
Lee, Changyong
Choi, EunMi
Lee, Chang Young
Hong, Woonki
Lee, Jaeseon
Ryu, Ja-Hyoung
Kwon, Min-Suk
Kwon, Oh Hoon
Cha, Dong-Hyun
Ko, Hyunhyub
Kim, Pilwon
Kim, Hyoil
Kwon, Tae-Hyuk
Shin, GwanSeob
Kim, Jeong Beom
Baig, Chunggi
Jeong, Joonwoo
Lee, Jacob C.
Kim, Gun-Ho
Lee, Chang Hyeong
Kim, Ji Hyun
Ghim, Cheol-Min
Kim, Yong Hwan
Moon, Hyungon
Chung, Dongil
Lee, Young-Joo
Zhang, Lu
Lee, Myunghee
Bae, Sung Chul
Kim, Je-Hyung
Kwak, Sang Kyu
Lim, Chiehyeon
Park, Jongnam
Choi, Young-Ri
Jeong, Hoon Eui
Park, Jiyoung
Lee, Sukbin
Kang, Byoung Heon
Chung, Il-Sug
Kim, Katherine A.
Cho, Perter J.
Bae, Hantaek
Kim, Young Choon
Kim, So Youn
Hur, Min Sup
Min, Kyung-Tai
Choi, Kyoung Jin
Cho, Jaeweon
Kim, Jae-Ick
Lim, Hankwon
Kwon, Min Sang
Jun, Yubin
Sim, Jae-Young
Im, Jungho
Jang, Ji-Wook
Byon, Chan
Park, Kibog
An, Kwangjin
Kwon, Oh-Sang
Jeong, Won-Ki
Jeong, Kyeong-Min
Chang, Jiwon
Comuzzi, Marco
Park, Noejung
Lee, Jongeun
Lee, Junghye
Amblard, Francois
Mitchell, Robert J.
Choi, Sung-Deuk
Kim, Jiyun
Ruoff, Rodney S.
Schultz, Thomas
Kim, Sungil
Lee, Deokjung
Lee, Kyunghan
Cho, Yoon-Kyoung
Granick, Steve
Jang, Jaesung
Park, Sung Soo
Kim, Byeong-Su
Bielawski, Christopher W.
Kim, Namhun
Kim, Taesung
Seok, Sang Il
Lee, Changsoo
Scharer, Orlando D.
Yang, Changduk
Lee, Myong-In
Shin, Hyeon Suk
Kim, Yung Sam
Lee, Yongjae
Chae, Han Gi
Kim, MinChung
Kwon, H. Moo
Ko, Myunggon
Kwon, Young-Nam
Song, Myoung Hoon
Yoon, Eisung
Park, Young-Bin
Byun, Gangil
Jang, Bongsoo
Jung, Kooyul
Lee, Jae Sung
Kang, Sang Hoon
Hwang, Sung Ju
Kwak, Kyujin
Shin, Hyung-Joon
Ji, Wooseok
Jang, Ji-Hyun
Noh, Sam H.
Park, Chan Young
Bien, Franklin
Choi, Jang Hyun
Cha, Chaenyung
In, Yongkyoon
Kim, Kyung Rok
Jang, Hyunjin
Fynan, Douglas A.
Kim, Jae Joon
Lee, Sang-Young
Choe, Wonyoung
Rohde, Jan-Uwe
Shin, Heungjoo
Yoo, Jung-Woo
Yang, Hyun Jong
Lee, Jiseok
Bhak, Jong
Sun, Hae-sang
Kang, Seokhyeong
Lim, Chunghun
Chung, Jibum
Kwon, Taejoon
Choi, Young Rok
Jung, Woonggyu
Grzybowski, Bartosz A.
Kang, Hyun-Wook
Moon, Jun
Ko, Sungahn
Park, Jang-Ung
Kim, Molan
Oh, Joo Hwan
Cho, Kyung Hwa
Kim, Jeongseob
Kwon, Soon-Yong
Hong, Hwajung
Seo, Kwanyong
Woo, Hangyun
Kang, Seok Ju
Joo, Changhee
Lee, Semin
Oh, Hyondong
Nam, Beomseok
Kang, Sebyung
Nam, Dougu
